match_id,team,avg_passes_per_pos,pct_long_passes,padj_box_entries,pct_shots_set_piece,avg_def_height,ppda,pct_counterpress
3825848,Levante UD,2.74,17.75,2.67,83.33,53.76,2.44,26.7
3825848,Eibar,1.99,23.32,4.4,60.0,51.19,2.97,22.75
3825895,Las Palmas,2.2,18.95,3.24,66.67,45.89,3.68,29.55
3825895,Sevilla,2.73,15.32,6.25,56.25,55.64,2.62,29.95
3825894,RC Deportivo La Coruña,2.41,17.32,5.48,53.33,63.69,1.91,29.82
3825894,Getafe,2.15,19.4,4.03,66.67,47.35,2.07,21.93
3825855,Málaga,2.74,12.23,3.88,50.0,49.7,2.62,35.2
3825855,Levante UD,1.84,22.43,5.28,63.64,53.83,3.28,19.46
3825908,Espanyol,2.79,16.7,2.89,70.0,52.41,3.08,29.21
3825908,Eibar,2.52,19.62,5.27,23.08,58.92,2.19,33.61
3825883,Málaga,2.11,15.86,4.25,0.0,56.74,3.08,26.67
3825883,Las Palmas,3.74,11.99,3.57,50.0,47.13,3.06,31.61
3825900,Sporting Gijón,3.58,13.96,2.62,43.75,58.57,3.01,20.96
3825900,Villarreal,3.32,11.71,1.15,36.36,51.65,4.91,42.48
3825902,Rayo Vallecano,3.04,15.21,4.2,52.63,57.94,2.52,30.97
3825902,Levante UD,2.37,21.24,4.94,27.27,56.9,3.18,26.57
3825876,Real Betis,3.09,14.91,2.91,42.86,45.71,2.92,33.88
3825876,Getafe,2.17,22.22,5.56,57.14,61.55,2.84,27.4
3825846,RC Deportivo La Coruña,3.06,12.27,2.66,50.0,48.61,4.52,21.15
3825846,Real Madrid,4.47,10.17,2.29,56.25,58.22,2.33,31.65
3825869,Athletic Club,3.01,12.65,3.51,28.57,64.45,2.32,29.49
3825869,Sevilla,2.54,15.56,1.83,37.5,45.93,3.97,35.91
3825882,Atlético Madrid,2.6,13.37,4.59,63.64,54.34,3.43,29.6
3825882,Celta Vigo,3.04,12.16,3.94,71.43,48.01,2.43,31.05
3825849,Valencia,2.44,15.34,3.27,37.5,59.53,2.08,36.59
3825849,Real Sociedad,2.44,17.68,3.16,80.0,56.21,2.12,24.24
3825860,Levante UD,3.34,15.37,2.75,45.45,48.61,3.13,22.43
3825860,Atlético Madrid,2.69,13.76,5.04,29.41,53.32,3.08,20.0
3825847,Eibar,2.38,24.72,4.23,100.0,57.04,1.69,27.16
3825847,RC Deportivo La Coruña,2.56,19.84,2.66,55.56,54.14,1.83,26.07
3825817,Getafe,1.65,24.55,4.49,62.5,49.87,2.51,23.68
3825817,Eibar,2.65,15.32,4.23,65.0,60.52,1.74,32.89
3825778,Real Betis,2.65,15.26,4.02,72.22,63.12,1.55,30.33
3825778,Sporting Gijón,2.06,16.49,1.29,60.0,48.92,3.26,31.13
3825777,Levante UD,1.89,21.41,5.69,33.33,51.36,3.02,30.51
3825777,Getafe,2.28,20.04,5.79,64.29,55.29,1.69,29.37
3825740,Eibar,2.67,21.67,4.51,33.33,59.85,2.43,32.14
3825740,Granada,2.09,22.22,6.11,25.0,48.43,3.05,29.61
3825875,Villarreal,2.36,13.73,2.52,62.5,51.62,3.88,27.14
3825875,Real Sociedad,3.24,19.83,3.33,71.43,56.56,2.14,28.7
3825884,Sevilla,2.4,16.14,3.37,76.92,57.67,1.66,27.04
3825884,Real Betis,1.95,18.1,3.86,87.5,50.91,2.95,22.75
3825842,Levante UD,1.87,27.22,2.37,60.0,50.68,4.06,27.12
3825842,Athletic Club,3.31,14.24,5.76,57.89,54.89,2.69,31.55
3825890,Atlético Madrid,2.4,21.3,5.09,78.57,59.8,2.1,24.54
3825890,Málaga,2.54,15.53,2.07,71.43,45.7,2.63,37.79
3825871,Las Palmas,3.68,8.48,2.2,60.0,56.51,1.94,32.03
3825871,Espanyol,2.25,14.07,2.3,41.67,53.29,2.23,17.87
3825896,Granada,2.61,23.56,3.51,23.08,54.82,3.09,26.63
3825896,Levante UD,2.43,16.39,4.04,64.29,54.06,3.53,30.14
3825841,Real Sociedad,2.77,16.12,3.08,73.33,55.75,2.28,32.44
3825841,Getafe,1.97,14.94,1.77,28.57,48.3,3.18,28.51
3825843,Málaga,2.32,17.74,5.99,58.33,57.43,2.12,35.85
3825843,Rayo Vallecano,2.13,21.54,2.05,72.73,50.1,2.27,27.42
3825839,Sporting Gijón,2.35,15.65,5.43,35.71,54.0,2.98,24.45
3825839,Sevilla,2.75,13.46,3.27,83.33,52.02,3.32,37.72
3825838,Athletic Club,3.94,15.3,3.89,61.54,56.33,1.92,35.57
3825838,Atlético Madrid,2.05,18.27,3.3,50.0,51.36,4.21,28.19
3825840,Valencia,3.29,15.85,3.1,55.56,49.9,3.51,21.13
3825840,Eibar,3.09,18.6,2.33,33.33,59.84,2.64,25.64
3825837,Real Betis,3.22,13.01,4.88,61.9,57.9,2.8,21.3
3825837,Las Palmas,3.15,19.54,1.35,66.67,46.52,4.43,31.87
3825836,Rayo Vallecano,2.84,16.78,2.28,57.14,55.53,2.12,32.24
3825836,Villarreal,1.85,18.46,5.38,85.71,56.04,3.34,37.55
3825835,Málaga,2.41,16.48,3.66,55.56,51.5,2.98,23.36
3825835,Athletic Club,2.43,17.8,2.86,83.33,55.66,2.08,37.92
3825834,Atlético Madrid,3.25,11.45,3.76,62.5,58.21,2.21,35.63
3825834,Granada,2.55,16.28,2.52,63.64,46.63,4.39,22.16
3825906,Sevilla,3.47,12.88,4.92,50.0,60.77,2.61,25.64
3825906,RC Deportivo La Coruña,2.24,19.95,4.75,40.0,47.61,4.31,24.06
3825897,Eibar,2.05,22.47,4.04,75.0,54.56,2.44,29.11
3825897,Real Sociedad,2.7,17.43,3.37,71.43,53.5,2.4,28.38
3825889,Celta Vigo,3.55,13.2,4.93,55.56,60.53,1.61,26.01
3825889,Real Betis,1.84,21.58,2.13,40.0,44.74,4.38,22.65
3825833,Getafe,2.17,16.95,5.08,53.85,53.24,3.36,13.43
3825833,Real Madrid,3.73,12.89,3.14,45.45,54.42,2.39,32.76
3825857,Levante UD,2.62,18.64,5.0,58.33,57.03,2.71,36.84
3825857,Espanyol,2.28,22.77,4.7,50.0,49.38,3.64,25.53
3825863,RC Deportivo La Coruña,2.53,17.72,6.31,73.68,55.99,3.29,20.25
3825863,Las Palmas,4.11,13.94,1.84,38.46,49.79,2.98,33.13
3825829,Athletic Club,2.3,21.92,2.46,64.29,52.54,3.22,27.67
3825829,Rayo Vallecano,2.89,13.87,2.4,58.33,57.63,2.46,33.33
3825830,Villarreal,2.8,14.08,4.29,76.92,56.94,3.56,23.94
3825830,Getafe,2.46,17.89,4.13,52.94,51.77,2.26,20.77
3825832,Sporting Gijón,1.96,17.66,4.89,63.64,52.06,2.64,21.9
3825832,Celta Vigo,2.71,14.61,3.18,47.06,53.76,2.11,34.8
3825831,Valencia,2.41,16.17,3.7,52.17,60.43,2.15,35.62
3825831,Sevilla,2.15,17.15,5.56,71.43,47.46,2.57,30.66
3825828,Espanyol,2.71,18.24,5.61,70.0,52.52,2.5,25.21
3825828,Atlético Madrid,2.58,15.57,4.69,42.86,55.36,3.83,38.79
3825827,Real Betis,2.76,17.79,3.48,42.86,48.76,3.67,29.29
3825827,Levante UD,2.88,20.79,3.95,41.67,55.01,2.54,25.32
3825826,Granada,2.43,21.12,4.94,62.5,52.66,2.46,25.22
3825826,Málaga,2.55,17.26,3.81,55.56,47.55,3.45,30.96
3825825,Levante UD,2.51,14.98,5.7,58.82,57.8,1.81,24.21
3825825,Sporting Gijón,2.16,20.35,3.97,45.45,48.45,4.25,33.13
3825824,Eibar,2.62,16.44,5.16,41.67,59.36,1.89,27.81
3825824,Villarreal,2.45,15.63,2.2,50.0,47.27,2.91,32.38
3825823,Sevilla,2.98,11.63,5.38,73.33,59.86,1.87,42.41
3825823,Real Sociedad,1.62,24.84,3.73,75.0,44.52,3.09,27.34
3825905,Málaga,3.24,12.78,4.55,36.36,61.2,1.85,41.04
3825905,Espanyol,1.96,21.97,3.94,100.0,49.33,3.3,24.55
3825822,Las Palmas,3.38,11.93,2.29,15.38,57.64,1.94,33.19
3825822,Valencia,1.99,18.16,4.34,37.5,51.34,1.87,20.34
3825821,Espanyol,2.29,24.81,3.84,64.71,52.15,3.46,32.06
3825821,Athletic Club,3.13,16.34,5.62,46.15,56.39,1.99,33.49
3825820,Real Madrid,3.6,13.74,4.42,42.31,53.07,2.48,30.77
3825820,Sevilla,2.11,14.21,3.05,75.0,47.13,4.05,18.72
3825819,Valencia,2.52,14.94,4.98,35.71,57.38,1.85,35.33
3825819,Celta Vigo,2.51,16.9,2.24,46.15,51.7,2.64,22.96
3825818,Real Sociedad,3.19,14.24,5.53,73.33,65.1,1.9,30.43
3825818,Las Palmas,1.96,18.38,2.7,30.77,45.93,3.73,28.9
3825887,Granada,1.5,33.07,3.94,63.64,49.07,3.81,23.56
3825887,Rayo Vallecano,3.63,15.66,3.44,54.55,62.24,1.8,29.14
3825907,Sporting Gijón,3.64,13.11,3.56,66.67,60.58,2.04,38.79
3825907,Atlético Madrid,2.24,14.04,3.26,100.0,44.05,3.46,20.32
3825903,Real Betis,2.82,14.05,4.44,62.5,58.0,2.05,27.95
3825903,Málaga,2.32,17.21,4.19,57.14,51.31,2.12,33.11
3825816,Sevilla,2.96,16.08,4.54,28.57,51.92,2.72,22.34
3825816,Villarreal,2.59,14.46,2.41,38.46,54.03,3.61,29.81
3825815,Levante UD,2.21,18.2,5.44,64.29,59.05,2.16,28.46
3825815,Valencia,2.51,16.39,2.9,50.0,50.52,2.42,30.24
3825858,Rayo Vallecano,2.47,23.41,4.31,75.0,49.77,3.14,28.22
3825858,Eibar,1.75,28.37,7.16,57.14,56.89,2.89,27.01
3825813,Atlético Madrid,3.21,13.06,3.73,68.75,57.17,3.42,28.06
3825813,RC Deportivo La Coruña,2.83,19.15,1.81,66.67,48.21,2.83,25.23
3825814,Celta Vigo,1.95,18.05,3.51,14.29,49.59,2.83,20.82
3825814,Real Sociedad,2.78,15.9,3.84,60.0,56.04,2.17,33.48
3825812,Málaga,2.73,17.6,3.73,53.85,53.49,3.27,34.72
3825812,Sporting Gijón,2.75,16.05,2.15,22.22,56.22,2.55,25.99
3825811,Espanyol,1.75,24.33,4.0,33.33,55.87,3.51,22.78
3825811,Rayo Vallecano,3.34,12.59,2.55,57.14,54.17,1.8,31.79
3825807,Valencia,2.77,19.6,3.64,40.0,50.18,3.26,24.58
3825807,Atlético Madrid,3.32,11.78,3.93,71.43,56.75,2.43,30.12
3825809,Real Betis,2.12,20.05,3.85,63.64,52.52,2.95,24.54
3825809,Granada,2.96,16.27,3.64,50.0,51.14,2.79,28.0
3825810,Real Sociedad,2.69,14.84,5.94,40.0,61.86,2.05,29.69
3825810,Levante UD,1.84,20.57,3.34,70.0,42.69,3.55,29.81
3825808,Sporting Gijón,2.41,18.92,2.37,80.0,52.32,3.36,29.95
3825808,Athletic Club,2.92,13.37,4.21,81.82,55.21,2.54,32.17
3825804,RC Deportivo La Coruña,2.92,18.82,3.61,66.67,57.43,3.22,29.17
3825804,Málaga,2.55,18.56,3.02,60.0,48.13,3.89,22.84
3825867,Getafe,2.22,21.46,3.9,64.29,53.81,2.18,19.74
3825867,Sevilla,2.3,16.01,3.94,57.14,52.2,2.36,21.55
3825805,Villarreal,4.09,9.59,4.72,41.67,64.35,2.82,28.37
3825805,Las Palmas,3.07,15.07,2.64,10.0,45.09,3.7,26.27
3825784,Atlético Madrid,3.39,15.88,4.42,66.67,62.94,2.04,30.98
3825784,Villarreal,2.32,18.43,2.3,20.0,46.39,3.42,28.21
3825782,Granada,2.8,17.3,3.04,60.0,60.94,2.85,25.13
3825782,Valencia,2.29,13.94,1.99,18.18,48.57,2.71,23.74
3825757,Real Madrid,4.32,10.49,2.44,61.11,57.22,1.98,25.25
3825757,Espanyol,2.23,16.34,1.11,66.67,45.63,3.75,23.35
3825641,Athletic Club,2.89,17.98,4.35,55.0,56.39,2.66,24.02
3825641,Sporting Gijón,2.78,16.94,3.1,83.33,54.45,3.98,28.4
3825803,Granada,3.07,17.8,3.0,50.0,56.6,2.56,32.99
3825803,Sporting Gijón,2.46,16.43,3.05,25.0,50.36,3.63,18.59
3825800,Celta Vigo,4.0,11.42,5.64,63.64,63.01,1.69,31.16
3825800,Villarreal,1.97,12.24,2.99,66.67,41.71,5.53,20.59
3825801,Sevilla,2.73,14.51,4.17,66.67,50.65,3.35,23.74
3825801,Eibar,2.42,22.22,5.56,41.67,54.91,2.39,23.93
3825799,Málaga,2.07,15.97,6.88,90.0,60.61,2.19,34.91
3825799,Valencia,2.4,18.44,3.89,41.67,51.47,1.89,41.3
3825797,Athletic Club,3.2,13.16,2.74,53.85,50.39,2.98,32.61
3825797,RC Deportivo La Coruña,2.94,19.84,2.2,25.0,51.27,2.99,28.52
3825798,Levante UD,2.67,15.4,3.0,58.33,53.98,2.82,24.88
3825798,Real Madrid,3.0,18.78,3.87,47.62,52.72,2.97,26.48
3825796,Las Palmas,3.41,11.13,1.3,25.0,51.36,3.86,33.11
3825796,Getafe,2.56,12.62,3.04,80.0,56.13,2.83,21.59
3825795,Atlético Madrid,3.4,9.0,2.41,57.14,59.88,2.01,24.79
3825795,Real Sociedad,2.99,16.07,2.86,42.86,49.0,2.85,22.97
3825793,Valencia,3.04,17.51,3.07,55.56,51.92,2.92,20.8
3825793,Athletic Club,2.92,14.77,2.27,61.54,50.94,3.78,31.63
3825792,RC Deportivo La Coruña,3.61,15.62,5.21,64.29,57.7,2.34,40.0
3825792,Granada,2.09,20.27,3.56,50.0,42.79,3.91,22.07
3825794,Villarreal,3.1,13.28,3.04,22.22,56.78,3.06,30.19
3825794,Levante UD,2.89,14.54,3.39,62.5,60.21,2.98,30.16
3825788,Getafe,2.65,16.44,4.67,28.57,55.08,1.88,25.32
3825788,Celta Vigo,2.35,19.9,4.73,66.67,45.55,2.79,26.21
3825791,Real Betis,1.87,23.74,3.56,70.0,57.44,2.38,28.79
3825791,Rayo Vallecano,2.76,13.1,3.23,90.91,51.4,2.06,28.43
3825790,Sporting Gijón,2.85,13.23,3.41,85.71,50.55,3.1,33.51
3825790,Espanyol,2.41,18.03,3.51,41.67,49.35,3.4,32.18
3825787,Real Madrid,3.79,14.15,2.77,66.67,58.73,1.45,35.38
3825787,Atlético Madrid,1.76,16.76,3.91,90.0,49.83,3.12,25.61
3825789,Real Sociedad,2.74,18.65,6.15,100.0,60.21,1.93,27.1
3825789,Málaga,1.95,15.05,3.49,75.0,48.3,2.7,27.27
3825786,Eibar,2.45,19.71,5.87,70.0,59.71,2.38,30.74
3825786,Las Palmas,2.46,19.27,3.45,50.0,44.12,2.71,27.55
3825781,Rayo Vallecano,2.43,20.37,5.76,78.57,50.14,2.31,38.79
3825781,Sevilla,1.62,26.67,8.18,68.75,55.54,3.26,14.36
3825785,Málaga,1.82,24.71,5.59,54.55,54.09,3.36,28.21
3825785,Real Madrid,2.95,17.38,3.55,50.0,53.8,2.1,34.22
3825783,Athletic Club,2.68,20.12,5.66,70.0,55.7,1.94,35.41
3825783,Real Sociedad,1.79,21.14,2.57,55.56,47.57,3.83,23.71
3825780,Espanyol,2.02,18.92,5.68,43.75,54.31,3.05,26.24
3825780,RC Deportivo La Coruña,3.15,18.31,3.97,52.94,48.09,2.74,31.03
3825779,Celta Vigo,3.1,12.65,3.0,57.14,53.13,2.83,31.95
3825779,Eibar,1.88,19.17,1.39,57.14,56.12,3.32,25.99
3825773,Eibar,2.29,20.48,4.63,52.94,57.89,2.65,30.53
3825773,Levante UD,2.47,18.33,3.96,50.0,50.15,2.75,30.37
3825776,Sevilla,2.85,13.17,5.01,66.67,60.88,2.43,19.63
3825776,Las Palmas,2.66,15.67,2.79,54.55,45.06,4.19,31.09
3825775,Real Sociedad,2.06,20.67,4.33,66.67,49.88,2.72,26.81
3825775,Granada,2.19,19.65,2.38,78.57,53.11,2.51,30.35
3825769,Villarreal,2.65,16.7,2.95,50.0,57.26,2.5,32.29
3825769,Málaga,2.66,18.56,5.79,14.29,56.81,2.76,30.45
3825770,Real Madrid,4.15,10.91,2.42,21.05,49.46,2.77,24.38
3825770,Athletic Club,2.44,16.05,5.58,18.18,58.76,3.65,22.97
3825768,Sporting Gijón,1.92,20.33,3.79,27.27,54.7,3.11,23.17
3825768,Rayo Vallecano,3.03,13.36,3.17,75.0,56.05,2.27,25.98
3825736,Valencia,2.21,19.29,4.15,38.46,54.97,1.99,28.41
3825736,Rayo Vallecano,1.94,16.82,3.64,22.22,53.32,2.14,29.35
3825731,Las Palmas,3.33,13.82,2.22,40.0,50.56,2.4,31.9
3825731,Málaga,2.38,16.47,4.06,63.64,55.33,2.55,23.72
3825685,Sporting Gijón,1.97,26.18,5.68,50.0,56.1,3.1,17.27
3825685,Las Palmas,3.56,12.63,2.53,50.0,48.87,3.14,40.58
3825678,Eibar,1.93,21.64,4.98,75.0,62.83,2.78,27.5
3825678,Real Madrid,2.82,13.47,2.69,58.82,48.33,2.5,26.03
3825643,Real Madrid,3.65,10.5,4.11,52.94,60.45,3.25,29.9
3825643,Las Palmas,3.13,7.5,1.75,87.5,48.2,4.77,28.37
3825642,RC Deportivo La Coruña,3.18,22.03,1.92,42.86,51.2,3.77,26.75
3825642,Atlético Madrid,4.33,12.48,2.31,50.0,52.1,3.51,32.71
3825638,Atlético Madrid,2.51,12.66,3.53,56.25,63.72,2.71,35.05
3825638,Valencia,2.49,18.44,1.84,57.14,44.3,2.66,27.64
3825614,Granada,2.23,18.94,3.52,90.0,49.75,2.25,23.04
3825614,RC Deportivo La Coruña,2.03,18.49,3.41,57.14,51.83,2.9,25.94
3825612,Getafe,3.0,19.89,3.76,26.67,58.82,2.11,24.09
3825612,Levante UD,2.22,21.04,3.22,80.0,44.54,4.83,26.26
3825607,Villarreal,2.9,15.34,1.62,80.0,44.58,3.07,23.18
3825607,Atlético Madrid,3.11,14.26,4.47,40.0,63.19,2.7,28.69
3825595,Villarreal,2.29,15.74,3.63,50.0,57.69,2.87,22.27
3825595,Athletic Club,2.52,21.76,3.97,70.0,49.94,2.29,27.48
3825579,Sevilla,3.06,16.88,4.22,76.0,56.42,2.54,28.4
3825579,Atlético Madrid,1.9,17.51,2.37,17.65,42.75,4.7,30.5
3825572,Real Madrid,4.39,11.1,3.46,66.67,55.82,2.04,24.86
3825572,Real Betis,2.01,16.21,3.36,42.86,44.46,5.96,19.02
3825774,Getafe,3.82,12.46,1.74,83.33,51.96,2.08,26.5
3825774,Atlético Madrid,2.92,9.5,2.27,33.33,52.18,3.02,21.86
3825772,Valencia,2.67,15.7,3.23,72.22,50.84,2.0,24.73
3825772,Espanyol,1.87,23.36,5.92,55.0,50.47,3.16,18.39
3825771,RC Deportivo La Coruña,2.56,18.38,6.41,65.38,56.04,2.06,27.49
3825771,Real Betis,2.09,21.26,3.41,50.0,46.7,3.35,27.03
3825767,Espanyol,3.61,15.66,3.59,40.0,55.68,2.23,44.38
3825767,Real Sociedad,1.92,25.35,3.94,50.0,52.79,2.93,21.96
3825706,Celta Vigo,3.21,12.81,3.24,42.86,53.89,2.02,38.86
3825706,Athletic Club,1.72,20.51,5.7,46.15,53.84,2.39,27.12
3825712,Getafe,2.31,19.19,2.71,78.57,58.62,1.72,26.37
3825712,RC Deportivo La Coruña,2.21,21.18,5.18,40.0,48.86,2.36,21.9
3825708,Levante UD,1.95,20.25,4.05,42.86,53.79,2.45,26.17
3825708,Málaga,2.48,15.97,4.41,70.0,54.45,2.38,28.1
3825707,Las Palmas,3.28,14.39,3.86,71.43,52.05,3.84,34.88
3825707,Granada,1.86,21.05,4.09,50.0,50.42,2.98,14.51
3825705,Eibar,2.14,22.2,4.53,60.0,52.39,1.79,33.73
3825705,Sporting Gijón,1.79,24.93,4.99,83.33,52.54,3.0,26.32
3825711,Rayo Vallecano,2.4,22.78,4.03,80.0,53.17,2.26,35.75
3825711,Atlético Madrid,1.72,23.81,8.12,52.63,60.02,2.52,26.55
3825703,Athletic Club,2.58,16.84,5.75,63.16,60.21,1.78,28.12
3825703,Levante UD,2.17,20.94,1.88,83.33,49.86,2.4,30.86
3825700,Real Madrid,2.79,11.54,4.45,36.67,59.74,2.67,21.15
3825700,Rayo Vallecano,2.64,9.78,1.2,33.33,45.55,3.73,29.76
3825701,Málaga,3.24,18.02,3.99,52.94,61.85,2.1,39.05
3825701,Atlético Madrid,2.02,16.15,3.08,50.0,48.17,2.91,34.36
3825702,Real Sociedad,3.6,8.79,4.04,70.59,58.84,2.33,21.83
3825702,Villarreal,2.0,16.15,3.12,28.57,49.61,5.27,41.18
3825704,Granada,2.34,16.85,3.55,100.0,57.98,2.65,35.64
3825704,Celta Vigo,2.31,13.7,1.96,40.0,45.81,3.13,21.66
3825891,Espanyol,2.43,16.7,3.56,53.85,57.01,2.5,23.87
3825891,Las Palmas,2.71,17.86,1.85,88.89,55.28,2.67,38.16
3825699,Real Betis,1.9,17.78,3.79,53.85,58.26,2.06,25.76
3825699,Sevilla,2.19,20.45,5.24,77.78,45.61,2.43,31.58
3825697,Valencia,3.03,13.68,3.51,58.33,55.92,2.07,36.24
3825697,Getafe,1.89,18.41,1.92,66.67,49.72,3.02,22.51
3825698,RC Deportivo La Coruña,2.83,17.47,4.0,57.14,49.04,4.24,22.64
3825698,Eibar,2.82,19.79,5.0,84.62,54.95,2.27,27.11
3825694,Eibar,2.41,23.15,5.17,64.29,59.9,2.73,29.76
3825694,Valencia,2.24,19.38,2.63,83.33,46.24,2.67,35.04
3825693,Atlético Madrid,2.46,13.44,3.16,50.0,56.96,3.38,34.6
3825693,Athletic Club,2.83,16.34,3.69,60.0,50.36,2.67,34.26
3825696,Rayo Vallecano,1.93,25.48,4.76,53.85,45.95,2.71,23.08
3825696,Málaga,1.96,30.92,7.98,80.0,49.45,3.11,26.4
3825695,Villarreal,2.31,16.31,2.67,0.0,39.37,10.53,30.51
3825695,Real Madrid,3.98,17.55,6.28,40.0,61.35,1.74,26.38
3825689,Celta Vigo,2.66,16.95,2.58,46.67,50.22,2.87,19.73
3825689,Espanyol,2.33,18.63,4.25,83.33,57.45,2.22,33.33
3825690,Las Palmas,3.51,11.01,3.67,43.75,59.83,2.56,48.5
3825690,Real Betis,1.94,17.96,3.49,37.5,42.32,7.44,26.58
3825692,Sevilla,4.02,9.8,3.95,50.0,64.71,1.52,38.89
3825692,Sporting Gijón,1.57,27.5,3.21,50.0,42.86,5.44,21.23
3825691,Levante UD,2.17,18.56,7.21,57.14,54.56,2.38,39.34
3825691,Granada,2.12,18.09,2.77,25.0,55.77,2.35,38.39
3825688,Getafe,1.96,22.4,2.4,55.56,48.76,4.52,28.04
3825688,Real Sociedad,2.9,10.61,2.49,70.0,53.05,2.64,28.04
3825687,Espanyol,2.57,18.01,4.03,77.78,52.0,2.44,23.35
3825687,Levante UD,2.29,15.23,5.41,58.33,55.2,1.97,21.05
3825683,Real Sociedad,3.09,12.56,3.79,70.0,50.04,2.45,31.52
3825683,Eibar,1.74,25.68,3.93,50.0,56.85,2.67,22.8
3825686,Athletic Club,2.3,22.9,4.83,72.73,56.27,2.74,26.07
3825686,Málaga,2.88,15.75,3.89,42.86,54.23,2.76,28.25
3825684,Villarreal,1.96,18.45,3.99,57.14,52.57,2.21,25.27
3825684,Rayo Vallecano,2.42,19.75,2.73,62.5,56.85,2.16,30.96
3825681,Real Madrid,4.3,7.93,2.69,37.5,53.89,3.29,32.58
3825681,Getafe,2.46,14.51,1.59,28.57,49.96,4.41,22.22
3825682,Granada,2.72,17.84,3.11,61.11,51.28,3.67,27.85
3825682,Atlético Madrid,3.69,11.82,3.78,46.15,53.42,2.75,38.26
3825680,RC Deportivo La Coruña,1.84,25.19,3.05,75.0,50.81,3.05,24.35
3825680,Sevilla,2.79,14.63,4.88,55.56,53.42,2.84,31.89
3825677,Sevilla,3.2,10.67,5.42,56.25,66.97,2.16,32.07
3825677,Valencia,1.88,18.98,1.7,0.0,43.11,3.62,27.18
3825675,Rayo Vallecano,2.99,15.0,3.5,60.0,54.22,2.16,39.9
3825675,Athletic Club,1.64,26.56,6.56,30.0,54.18,2.66,21.32
3825676,Getafe,1.92,21.26,3.45,58.33,51.8,2.6,19.84
3825676,Villarreal,2.8,13.33,4.85,85.71,57.33,1.87,30.81
3825674,Atlético Madrid,2.66,9.49,4.15,47.62,61.16,3.2,43.02
3825674,Espanyol,2.3,15.06,2.09,50.0,48.59,2.0,22.11
3825673,Las Palmas,4.39,11.24,4.03,50.0,44.83,3.77,35.86
3825673,RC Deportivo La Coruña,1.96,23.03,5.34,60.0,52.42,4.62,24.14
3825671,Celta Vigo,3.55,13.21,3.95,33.33,50.3,2.57,31.05
3825671,Sporting Gijón,2.57,19.18,5.76,50.0,58.32,3.69,39.11
3825672,Málaga,1.88,22.15,5.85,83.33,42.8,4.98,26.12
3825672,Granada,2.25,23.8,4.33,27.27,54.7,1.93,28.96
3825670,Levante UD,2.92,14.56,5.56,50.0,56.72,2.19,21.4
3825670,Real Betis,2.31,18.77,3.46,54.55,52.97,3.35,31.18
3825669,Getafe,1.61,22.55,5.93,46.67,56.53,2.08,26.48
3825669,Rayo Vallecano,2.23,14.92,3.29,37.5,55.18,1.85,37.74
3825668,Sporting Gijón,3.17,16.46,5.28,50.0,56.49,2.08,24.21
3825668,Levante UD,2.87,16.07,3.57,69.23,48.39,4.0,29.55
3825666,Real Betis,2.71,16.27,2.61,71.43,50.61,3.74,24.04
3825666,Atlético Madrid,3.45,9.18,2.53,54.55,55.3,2.54,30.17
3825665,Granada,1.45,29.43,2.84,37.5,51.58,4.74,28.25
3825665,Athletic Club,3.11,17.96,5.7,83.33,55.08,1.95,36.65
3825667,Villarreal,2.65,13.75,4.14,33.33,55.14,2.07,36.06
3825667,Eibar,1.98,20.35,6.28,23.53,51.61,2.91,20.43
3825664,Real Sociedad,2.78,15.73,3.07,64.29,54.09,2.16,25.0
3825664,Sevilla,2.09,20.9,3.44,92.31,56.59,2.52,26.43
3825662,RC Deportivo La Coruña,1.89,20.74,3.69,0.0,52.09,2.56,28.36
3825662,Celta Vigo,2.96,12.52,3.18,42.86,57.36,1.8,35.42
3825888,Valencia,2.11,16.46,4.3,44.44,53.38,2.74,18.39
3825888,Las Palmas,3.39,12.06,2.06,44.44,60.08,2.17,34.74
3825663,Espanyol,2.09,21.05,4.16,37.5,50.19,3.07,21.53
3825663,Málaga,2.85,14.23,5.46,46.67,58.49,1.92,31.71
3825659,Athletic Club,1.84,23.32,6.12,75.0,59.02,2.21,31.17
3825659,Espanyol,2.28,16.39,3.33,40.0,50.26,2.36,32.97
3825658,Atlético Madrid,4.15,11.55,6.13,66.67,63.86,1.86,40.2
3825658,Sporting Gijón,1.72,35.31,2.64,66.67,42.1,7.12,21.58
3825660,Barcelona,3.82,8.3,5.39,45.0,61.06,2.37,33.69
3825660,Villarreal,2.22,12.97,0.75,60.0,49.37,4.77,29.14
3825661,Sevilla,2.85,13.57,2.4,26.67,48.29,3.8,23.15
3825661,Real Madrid,3.85,11.44,2.61,32.14,53.43,3.88,28.74
3825656,Levante UD,2.85,16.17,3.79,76.47,56.49,2.52,27.75
3825656,RC Deportivo La Coruña,2.45,20.42,2.58,55.56,48.62,4.73,23.9
3825657,Málaga,2.96,15.89,5.3,50.0,59.31,1.9,33.47
3825657,Real Betis,2.14,18.77,4.29,57.14,46.33,3.37,25.76
3825652,Las Palmas,2.37,15.87,1.96,33.33,44.25,2.7,25.83
3825652,Real Sociedad,2.78,18.27,5.96,63.64,60.27,3.13,33.92
3825623,Valencia,2.35,17.43,3.49,42.86,51.03,1.77,27.16
3825623,Málaga,2.41,12.58,4.77,70.0,55.06,2.67,29.69
3825626,Real Betis,2.67,11.54,4.62,71.43,58.78,1.72,27.35
3825626,Espanyol,1.82,20.05,2.75,66.67,47.17,3.33,31.1
3825616,Málaga,2.0,18.16,4.19,72.73,52.54,3.58,26.73
3825616,Real Sociedad,3.33,16.09,5.09,53.85,50.93,2.23,26.21
3825608,Eibar,1.83,21.61,4.32,63.64,50.9,3.43,27.56
3825608,Celta Vigo,3.4,12.29,5.13,33.33,51.25,2.16,29.52
3825601,Rayo Vallecano,3.07,16.39,5.03,38.89,60.94,2.19,25.54
3825601,Sporting Gijón,1.8,25.07,5.37,33.33,48.51,2.97,23.72
3825899,Getafe,2.22,19.73,3.78,38.89,58.41,2.66,23.69
3825899,Valencia,3.06,11.94,2.8,40.0,50.71,2.26,30.7
3825852,Las Palmas,2.9,11.49,2.33,60.0,50.17,2.31,39.46
3825852,Sporting Gijón,2.22,12.12,4.2,58.33,62.43,2.29,18.95
3825647,Valencia,2.31,15.54,1.64,21.43,46.66,2.43,24.09
3825647,Levante UD,1.72,19.94,5.13,80.0,59.18,3.41,36.59
3825637,Barcelona,3.35,10.38,3.99,57.14,54.68,2.03,32.63
3825637,Eibar,1.58,22.61,3.82,42.86,53.35,4.0,24.63
3825628,Getafe,2.47,14.95,1.87,50.0,52.31,5.36,35.71
3825628,Las Palmas,3.13,8.44,2.32,56.25,54.83,2.46,24.27
3825619,Levante UD,2.4,20.0,4.1,64.29,58.37,3.2,21.76
3825619,Villarreal,2.86,18.33,3.33,100.0,47.33,2.92,28.04
3825618,Las Palmas,3.81,11.11,3.22,61.11,52.96,1.9,36.75
3825618,Eibar,2.26,18.44,4.68,77.78,50.55,2.61,18.03
3825611,RC Deportivo La Coruña,2.56,18.79,3.67,42.86,51.21,3.51,18.04
3825611,Espanyol,2.73,15.84,2.26,42.86,47.0,3.52,35.23
3825609,Real Sociedad,2.1,21.09,4.03,66.67,51.57,3.23,32.86
3825609,Athletic Club,2.38,19.66,4.23,50.0,55.72,2.01,32.94
3825598,Atlético Madrid,3.23,14.0,2.95,63.64,56.95,2.54,26.39
3825598,Getafe,2.83,15.89,1.69,66.67,45.2,3.51,18.31
3825584,Granada,2.35,15.49,4.87,64.29,55.53,2.35,32.95
3825584,Villarreal,1.92,14.32,4.05,22.22,51.2,2.72,23.3
3825570,Granada,2.66,16.98,3.02,69.23,58.08,2.71,33.52
3825570,Eibar,2.05,21.98,2.96,50.0,54.43,2.85,26.85
3825562,Málaga,2.81,15.93,5.39,53.85,56.04,2.94,29.88
3825562,Sevilla,2.14,22.97,5.52,90.0,48.37,3.0,22.11
3825904,Eibar,3.24,15.85,3.59,59.09,67.13,1.94,28.96
3825904,Real Betis,2.33,20.18,2.06,66.67,41.83,4.62,27.82
3825901,Real Madrid,3.11,11.89,3.15,26.67,52.83,3.83,25.0
3825901,Valencia,3.76,9.43,3.14,64.71,51.52,3.62,23.94
3825898,Celta Vigo,3.3,13.67,4.33,77.78,51.13,2.47,25.79
3825898,RC Deportivo La Coruña,2.06,20.49,4.1,28.57,51.49,3.45,23.58
3825893,Real Madrid,4.52,9.52,3.49,65.0,57.74,3.82,23.75
3825893,Villarreal,2.67,14.11,3.07,60.0,51.47,3.71,26.69
3825892,Granada,2.14,17.12,6.31,54.55,55.39,3.2,31.14
3825892,Real Sociedad,2.1,18.91,3.64,37.5,46.59,3.16,24.74
3825886,Rayo Vallecano,1.88,16.28,2.58,54.55,51.75,2.58,22.62
3825886,Real Madrid,2.87,15.11,4.75,68.75,58.86,2.38,34.63
3825885,Rayo Vallecano,2.11,18.45,4.85,53.33,55.44,1.95,31.39
3825885,Getafe,1.9,25.34,4.41,73.33,53.14,2.35,20.87
3825881,Granada,1.97,26.45,2.62,62.5,45.46,3.66,23.12
3825881,Espanyol,2.76,16.32,6.07,70.0,54.17,2.71,30.86
3825880,RC Deportivo La Coruña,3.03,18.83,3.44,71.43,56.89,2.3,26.79
3825880,Levante UD,2.53,19.31,4.37,42.86,51.51,2.37,18.86
3825879,Las Palmas,3.4,12.83,2.32,73.33,59.44,2.66,27.56
3825879,Real Madrid,3.49,12.29,2.39,58.33,54.08,3.08,27.48
3825878,Atlético Madrid,1.86,24.79,3.1,41.67,53.36,2.85,27.94
3825878,Rayo Vallecano,2.51,15.9,3.47,53.85,55.48,1.53,31.97
3825877,Athletic Club,2.88,14.55,2.83,50.0,62.72,2.5,35.0
3825877,Granada,2.38,18.6,3.14,66.67,44.95,2.87,18.11
3825874,Sevilla,3.27,10.38,3.59,27.27,59.27,2.95,28.57
3825874,Getafe,2.44,17.66,3.64,83.33,43.11,4.48,21.72
3825873,Valencia,3.56,16.07,4.55,42.86,58.65,2.38,24.19
3825873,Villarreal,2.96,14.48,1.39,50.0,48.36,3.44,31.4
3825872,Atlético Madrid,2.73,13.93,4.16,58.82,63.61,2.28,32.81
3825872,Real Betis,2.74,14.88,1.19,75.0,45.11,2.85,25.0
3825870,Athletic Club,2.91,16.4,4.2,63.64,56.71,2.31,24.76
3825870,Celta Vigo,2.24,21.52,2.78,40.0,48.95,3.37,30.62
3825868,Celta Vigo,3.24,13.42,3.02,43.75,49.94,2.27,28.21
3825868,Granada,2.01,20.27,6.85,66.67,55.0,3.6,26.98
3825866,Las Palmas,3.38,12.37,1.6,25.0,49.82,2.7,32.88
3825866,Athletic Club,2.42,17.9,5.9,77.78,59.23,3.16,23.85
3825865,Getafe,2.58,15.3,5.39,57.89,58.07,1.8,30.18
3825865,Sporting Gijón,1.78,21.66,3.86,44.44,42.57,3.06,17.08
3825864,Real Sociedad,2.36,17.57,2.6,54.55,50.79,3.11,35.53
3825864,Real Madrid,2.54,14.79,3.56,50.0,58.19,2.35,30.99
3825862,Espanyol,2.1,16.33,3.58,22.22,53.88,2.76,31.49
3825862,Celta Vigo,3.26,11.11,3.3,0.0,52.44,2.15,35.09
3825861,Real Sociedad,1.75,23.81,3.64,58.33,48.83,2.98,23.53
3825861,Rayo Vallecano,2.82,13.73,3.9,41.18,59.31,1.85,26.67
3825859,Granada,2.29,17.74,5.66,50.0,57.75,3.37,25.68
3825859,Las Palmas,3.75,11.53,2.96,72.73,46.04,3.1,30.21
3825856,Real Madrid,3.29,12.54,2.41,33.33,46.66,2.48,29.15
3825856,Eibar,2.08,19.25,4.81,55.56,58.94,2.36,29.6
3825854,Sporting Gijón,2.24,18.69,2.91,0.0,50.47,2.93,30.0
3825854,Eibar,2.77,20.49,4.06,25.0,59.03,2.55,32.98
3825853,Sevilla,2.79,11.49,3.45,58.33,53.59,2.22,27.23
3825853,Granada,1.94,22.87,4.11,54.55,51.64,3.15,30.26
3825851,Villarreal,4.62,14.11,3.22,72.73,61.37,2.7,35.98
3825851,RC Deportivo La Coruña,2.37,24.72,1.67,50.0,41.49,5.69,14.14
3825850,Celta Vigo,3.31,17.93,3.97,50.0,51.89,3.18,31.47
3825850,Málaga,2.64,14.87,2.8,61.54,52.95,3.98,22.39
3825845,Espanyol,1.97,23.01,4.55,25.0,56.33,2.78,33.18
3825845,Sevilla,2.71,16.73,3.59,71.43,49.03,2.18,30.89
3825844,Athletic Club,2.9,14.05,3.1,42.11,56.44,2.41,25.61
3825844,Real Betis,2.91,14.52,2.17,33.33,50.94,3.42,38.29
3825806,Real Madrid,3.48,10.68,3.67,60.0,59.15,2.41,32.16
3825806,Celta Vigo,2.73,14.04,2.55,37.5,46.63,3.33,22.61
3825802,Espanyol,2.66,15.38,7.26,78.95,57.61,1.94,25.88
3825802,Real Betis,2.17,17.28,3.46,77.78,44.47,2.99,30.04
3825679,Real Betis,3.19,14.51,4.71,82.14,64.48,1.9,26.44
3825679,Celta Vigo,1.88,22.05,3.02,40.0,43.56,3.69,19.6
3825655,Rayo Vallecano,2.0,24.57,3.71,28.57,49.43,4.31,20.86
3825655,Granada,3.0,20.27,4.48,87.5,52.85,3.05,23.87
3825654,Celta Vigo,2.62,12.82,4.41,94.12,56.03,1.76,24.44
3825654,Valencia,1.77,22.69,1.79,66.67,48.15,2.95,26.48
3825653,Eibar,2.15,20.3,5.94,43.75,55.69,2.46,24.58
3825653,Getafe,2.54,17.6,3.4,33.33,52.37,2.47,30.09
3825651,Espanyol,2.35,19.2,5.15,44.44,58.57,2.11,29.03
3825651,Granada,1.82,23.42,4.8,60.0,55.67,2.11,28.38
3825650,Real Betis,2.43,15.21,3.65,54.55,54.22,2.07,34.19
3825650,Athletic Club,2.1,20.28,4.9,47.83,50.87,2.52,32.62
3825649,Sporting Gijón,1.93,22.06,5.88,55.56,50.97,3.71,27.4
3825649,Málaga,3.47,11.24,3.69,30.77,57.47,2.27,39.05
3825648,Eibar,1.8,27.75,6.07,54.55,60.08,2.28,27.9
3825648,Rayo Vallecano,2.97,18.66,6.16,66.67,46.78,2.31,28.23
3825765,Celta Vigo,4.39,10.75,3.77,56.0,55.05,1.84,35.11
3825765,Sevilla,1.58,28.74,5.75,66.67,49.67,4.7,22.87
3825766,Real Betis,2.01,15.47,2.93,50.0,53.01,3.65,36.18
3825766,Valencia,2.61,17.02,2.77,42.86,51.96,2.74,37.7
3825764,Granada,2.17,19.28,4.88,57.14,56.12,2.72,26.21
3825764,Real Madrid,3.68,11.49,3.11,71.43,50.5,2.11,33.19
3825760,Atlético Madrid,2.35,17.18,3.52,69.23,51.81,2.51,23.98
3825760,Eibar,2.12,22.06,3.19,83.33,51.15,2.76,28.9
3825763,Rayo Vallecano,2.34,17.58,3.39,57.89,59.06,2.62,26.48
3825763,Las Palmas,2.19,23.11,2.94,55.56,51.22,2.6,32.6
3825761,Athletic Club,3.01,15.56,4.2,60.0,54.03,2.35,25.68
3825761,Villarreal,2.11,19.3,3.51,0.0,54.36,2.58,23.91
3825762,Sporting Gijón,2.28,22.97,5.26,36.36,51.35,3.24,22.43
3825762,RC Deportivo La Coruña,2.89,21.41,3.06,40.0,52.14,2.88,36.81
3825759,Málaga,2.56,13.02,4.42,77.78,53.8,3.26,25.11
3825759,Getafe,3.28,13.69,1.04,80.0,51.21,2.59,32.26
3825758,RC Deportivo La Coruña,2.37,20.52,5.23,52.94,64.27,2.18,37.14
3825758,Rayo Vallecano,1.93,21.01,2.9,14.29,45.17,3.39,32.84
3825756,Sevilla,2.86,13.26,3.04,28.57,46.27,4.51,29.34
3825756,Levante UD,3.14,13.82,5.37,50.0,57.82,3.03,30.22
3825755,Valencia,2.71,15.56,3.89,72.22,57.43,1.64,36.1
3825755,Sporting Gijón,1.66,22.19,2.74,66.67,51.91,3.1,29.3
3825754,Las Palmas,2.89,14.26,5.37,61.54,56.91,2.45,36.55
3825754,Celta Vigo,2.2,18.75,4.0,40.0,47.58,3.8,29.33
3825750,Real Sociedad,2.37,14.47,3.62,45.45,58.65,1.88,23.0
3825750,Real Betis,2.7,12.22,1.69,75.0,48.09,3.41,32.68
3825752,Eibar,2.56,23.17,5.94,72.73,52.55,3.3,38.78
3825752,Málaga,1.86,21.33,4.27,14.29,48.33,3.44,39.22
3825751,Getafe,2.77,17.86,3.17,90.91,48.44,2.51,23.93
3825751,Athletic Club,2.29,19.04,3.81,50.0,60.7,2.12,26.12
3825753,Villarreal,2.9,11.32,2.04,46.15,54.95,3.0,29.32
3825753,Granada,2.15,18.74,3.98,62.5,56.74,2.07,31.72
3825749,Levante UD,1.88,21.31,2.62,33.33,49.96,4.52,23.0
3825749,Las Palmas,4.02,12.95,3.45,61.54,59.32,1.93,32.61
3825747,Athletic Club,2.61,19.18,4.54,70.0,54.07,2.07,23.21
3825747,Eibar,1.99,18.84,4.83,44.44,52.33,3.05,17.65
3825748,Atlético Madrid,3.37,10.72,5.03,71.43,64.22,1.75,52.3
3825748,Sevilla,1.65,27.86,5.0,71.43,42.36,4.44,23.32
3825745,RC Deportivo La Coruña,2.61,16.35,5.03,37.5,51.32,3.21,27.85
3825745,Valencia,2.77,16.4,4.15,60.0,42.91,4.12,17.18
3825746,Real Betis,2.04,18.5,1.61,20.0,44.68,3.53,26.19
3825746,Real Madrid,4.1,11.9,4.5,50.0,60.38,2.62,33.14
3825743,Rayo Vallecano,2.03,17.84,4.52,69.23,58.68,1.68,31.9
3825743,Celta Vigo,1.62,27.5,3.12,66.67,49.51,3.13,32.43
3825744,Espanyol,2.57,18.54,4.12,45.45,50.55,3.21,14.85
3825744,Villarreal,3.32,12.45,2.97,64.29,55.81,2.52,31.58
3825742,Granada,2.47,18.49,4.68,55.0,56.07,2.29,33.73
3825742,Getafe,2.24,17.29,2.88,55.56,53.64,2.13,29.66
3825741,Sporting Gijón,2.07,18.18,2.94,46.15,48.37,2.69,24.37
3825741,Real Sociedad,2.72,15.1,3.47,55.56,57.57,2.02,36.55
3825739,Real Madrid,4.68,9.92,2.42,64.71,54.54,2.82,30.29
3825739,Sporting Gijón,2.2,14.32,2.81,66.67,44.68,5.08,18.68
3825738,Las Palmas,3.83,9.5,2.13,63.64,51.09,3.04,32.47
3825738,Atlético Madrid,2.72,12.07,4.23,9.09,55.83,3.32,28.94
3825737,Getafe,1.99,21.07,2.81,36.84,56.64,2.97,25.83
3825737,Espanyol,3.29,15.22,2.68,61.54,52.26,2.5,33.33
3825734,Real Sociedad,3.5,11.16,4.76,50.0,63.01,1.65,27.03
3825734,RC Deportivo La Coruña,2.07,21.13,2.06,28.57,41.8,3.27,18.71
3825733,Sevilla,2.73,17.12,2.54,37.5,49.65,2.01,31.65
3825733,Málaga,2.39,18.23,6.33,71.43,61.75,2.28,24.68
3825732,Celta Vigo,2.58,14.51,4.2,53.85,51.27,2.34,37.08
3825732,Levante UD,2.03,16.07,3.84,31.25,56.95,2.61,23.64
3825735,Villarreal,3.19,11.59,3.39,77.78,54.37,3.3,21.62
3825735,Real Betis,3.17,16.73,1.23,46.67,55.61,2.92,35.34
3825729,Villarreal,2.88,14.48,3.57,0.0,53.24,2.73,24.79
3825729,Sporting Gijón,3.24,17.52,3.83,50.0,57.64,2.39,29.58
3825728,Celta Vigo,3.18,13.67,2.31,66.67,49.92,2.07,24.43
3825728,Atlético Madrid,2.61,12.29,2.92,50.0,53.07,2.89,28.73
3825730,Real Sociedad,2.54,14.6,4.4,50.0,62.48,2.66,28.37
3825730,Valencia,2.42,17.65,2.23,70.0,47.54,3.1,31.14
3825727,Eibar,2.42,21.31,4.85,50.0,59.36,2.53,29.15
3825727,Espanyol,2.11,20.24,4.76,28.57,45.59,2.99,29.56
3825723,Levante UD,1.88,22.34,2.28,40.0,52.85,3.58,27.96
3825723,Rayo Vallecano,2.37,16.7,3.98,50.0,53.92,2.44,30.77
3825726,Sevilla,2.66,14.88,3.14,25.0,46.86,3.41,29.38
3825726,Athletic Club,2.92,13.68,5.43,66.67,58.7,2.29,29.29
3825725,Getafe,2.6,16.34,3.53,77.78,54.51,1.8,27.31
3825725,Real Betis,2.36,16.38,3.72,72.73,49.9,3.32,29.65
3825724,Real Madrid,2.9,10.03,3.06,56.52,50.44,3.58,25.0
3825724,RC Deportivo La Coruña,2.73,16.42,3.28,44.44,53.28,4.5,31.29
3825722,Sporting Gijón,2.13,18.75,5.73,64.71,50.68,2.86,24.02
3825722,Getafe,2.44,19.15,4.01,54.55,51.09,2.37,34.8
3825716,Rayo Vallecano,1.8,24.51,3.94,69.23,52.2,2.52,30.17
3825716,Real Sociedad,2.19,22.46,3.78,80.0,58.86,2.54,31.85
3825719,Athletic Club,2.08,20.2,5.67,80.0,60.1,2.36,17.73
3825719,Las Palmas,3.02,11.99,2.53,75.0,52.46,2.55,40.0
3825720,Real Betis,3.03,14.75,3.64,90.91,55.58,2.09,19.64
3825720,Eibar,2.03,18.87,3.5,0.0,49.25,3.36,23.39
3825717,Granada,1.81,27.83,3.24,33.33,47.81,3.29,21.51
3825717,Sevilla,2.7,13.01,5.33,68.75,52.95,3.58,25.42
3825721,RC Deportivo La Coruña,2.86,19.26,3.33,54.55,58.27,2.59,35.02
3825721,Villarreal,2.45,12.74,2.16,33.33,49.37,4.62,27.22
3825718,Valencia,2.68,11.9,2.62,25.0,51.7,3.42,26.29
3825718,Real Madrid,3.3,12.01,3.7,70.59,50.26,3.89,27.27
3825715,Málaga,2.39,15.69,4.92,50.0,60.24,2.37,34.25
3825715,Celta Vigo,2.56,17.06,4.1,50.0,43.31,3.32,23.23
3825714,Atlético Madrid,3.06,15.06,3.99,81.25,56.82,2.57,28.17
3825714,Levante UD,2.39,16.28,2.33,77.78,54.1,2.85,29.9
3825713,Villarreal,2.47,12.34,3.03,55.56,55.95,2.48,24.49
3825713,Valencia,2.38,18.26,5.02,83.33,47.09,3.9,27.59
3825710,Real Madrid,3.07,16.54,3.12,43.48,51.85,3.34,24.75
3825710,Real Sociedad,2.99,13.79,3.12,76.92,56.35,2.69,23.79
3825709,Sevilla,2.55,12.47,4.38,37.5,51.37,3.08,34.91
3825709,Espanyol,2.72,12.07,4.25,41.67,53.1,3.21,27.87
3825646,Villarreal,3.1,14.41,5.16,50.0,50.71,4.21,25.32
3825646,Sevilla,2.84,16.44,3.42,83.33,52.24,2.92,25.0
3825645,Getafe,2.06,20.76,3.22,50.0,42.77,6.2,19.62
3825645,Barcelona,4.56,8.0,3.61,40.0,65.42,1.84,38.19
3825644,Real Sociedad,1.99,20.79,6.32,71.43,49.78,2.68,24.22
3825644,Celta Vigo,2.85,15.83,3.86,56.25,50.43,2.03,36.6
3825640,Levante UD,2.47,20.0,3.4,84.62,57.9,2.11,32.79
3825640,Real Sociedad,1.81,24.43,3.98,61.54,49.96,2.63,28.64
3825639,Las Palmas,3.12,12.25,1.63,85.71,48.89,2.5,31.14
3825639,Villarreal,2.32,12.76,3.19,60.0,57.93,2.97,22.86
3825636,Málaga,2.73,16.67,3.14,66.67,58.21,4.65,31.21
3825636,RC Deportivo La Coruña,2.49,18.96,2.9,60.0,52.65,2.95,28.89
3825635,Celta Vigo,3.09,11.7,3.47,58.82,52.95,2.32,22.35
3825635,Real Madrid,2.99,15.69,3.4,35.71,48.76,4.43,37.21
3825634,Granada,1.87,23.88,4.21,70.59,52.09,2.28,19.42
3825634,Real Betis,2.96,16.6,2.43,37.5,50.22,2.01,27.78
3825633,Rayo Vallecano,3.35,17.18,4.05,69.23,59.53,3.01,34.59
3825633,Espanyol,1.66,25.56,1.6,55.56,43.41,6.66,33.55
3825632,Sporting Gijón,3.18,16.52,5.1,53.33,50.99,2.29,40.34
3825632,Granada,1.63,26.83,5.23,21.43,47.67,4.27,19.9
3825631,Real Sociedad,3.54,12.44,3.19,72.73,52.33,3.16,27.68
3825631,Atlético Madrid,2.53,14.29,2.27,57.14,48.4,3.22,25.0
3825630,RC Deportivo La Coruña,3.11,18.13,4.67,58.82,53.99,2.24,35.4
3825630,Athletic Club,2.43,15.4,5.69,57.14,53.1,3.72,30.51
3825629,Villarreal,2.03,16.62,2.97,58.33,55.16,4.06,38.76
3825629,Celta Vigo,4.03,11.48,3.87,69.23,53.43,1.87,36.45
3825627,Barcelona,2.28,13.64,1.73,35.71,54.11,2.81,25.4
3825627,Rayo Vallecano,3.01,15.03,2.8,54.55,63.9,2.2,30.13
3825625,Real Madrid,3.43,13.18,2.97,28.57,53.94,3.06,26.55
3825625,Levante UD,2.56,16.85,2.88,47.06,45.08,5.05,21.2
3825624,Eibar,1.77,22.99,4.43,28.57,51.57,2.76,23.48
3825624,Sevilla,2.39,18.22,5.67,73.33,58.79,2.11,22.84
3825622,Athletic Club,3.08,17.73,4.78,43.75,55.06,3.74,34.81
3825622,Valencia,2.76,18.83,2.3,70.0,44.87,4.09,25.41
3825621,Atlético Madrid,2.91,10.32,3.0,55.56,56.72,3.08,28.82
3825621,Real Madrid,3.49,15.49,3.29,33.33,46.83,3.57,25.85
3825620,Rayo Vallecano,3.03,15.94,4.67,73.91,58.69,1.51,28.45
3825620,Real Betis,1.59,26.23,5.56,33.33,45.09,3.65,26.69
3825617,Sevilla,1.71,17.84,4.97,50.0,49.06,2.8,19.29
3825617,Barcelona,3.02,9.33,7.25,50.0,53.13,2.87,36.69
3825615,Espanyol,2.96,11.37,4.09,66.67,60.34,2.33,35.34
3825615,Sporting Gijón,2.37,14.99,1.93,75.0,50.3,2.65,32.11
3825613,Celta Vigo,3.26,13.18,4.94,55.56,53.17,1.51,33.99
3825613,Getafe,1.62,19.34,2.3,66.67,54.28,3.72,32.84
3825610,Sporting Gijón,3.28,15.07,2.84,52.63,52.24,2.55,25.0
3825610,Real Betis,2.55,15.14,2.9,23.08,52.13,3.32,25.49
3825606,Real Madrid,4.12,14.09,4.74,45.16,57.42,3.12,28.23
3825606,Málaga,1.71,23.42,4.43,50.0,42.75,5.59,18.86
3825605,Sevilla,2.51,17.76,5.04,61.11,57.4,2.46,32.88
3825605,Rayo Vallecano,2.45,16.81,2.84,50.0,50.8,3.48,34.5
3825604,Valencia,1.89,18.16,2.11,58.33,51.82,2.66,28.51
3825604,Granada,2.23,13.78,4.28,44.44,55.36,1.91,35.0
3825603,Real Betis,3.21,14.8,4.28,55.56,53.18,2.18,25.96
3825603,RC Deportivo La Coruña,2.19,23.08,2.12,22.22,51.13,3.48,26.07
3825602,Athletic Club,2.76,14.41,6.99,30.77,54.53,3.29,27.35
3825602,Real Madrid,3.58,13.29,3.16,40.91,45.7,4.17,27.88
3825600,Málaga,3.12,17.74,5.38,60.0,55.91,3.02,24.84
3825600,Villarreal,1.99,19.22,3.64,33.33,48.47,2.66,23.28
3825599,Espanyol,2.12,17.71,4.99,68.42,60.06,2.31,28.32
3825599,Valencia,2.32,14.82,2.82,80.0,46.7,2.63,26.0
3825597,Las Palmas,2.12,19.31,5.06,50.0,51.04,2.18,32.92
3825597,Rayo Vallecano,2.28,19.17,3.93,41.18,51.51,2.99,31.84
3825596,RC Deportivo La Coruña,3.29,14.58,4.97,70.0,62.3,2.03,27.86
3825596,Sporting Gijón,1.93,18.08,1.98,40.0,45.78,3.78,27.65
3825594,Sevilla,2.56,16.43,7.25,61.54,52.49,2.87,26.99
3825594,Celta Vigo,3.02,18.9,4.13,40.0,52.91,2.44,32.14
3825593,Eibar,3.01,18.96,2.71,22.22,54.92,3.36,19.84
3825593,Atlético Madrid,3.88,12.02,3.43,42.86,49.41,4.12,35.52
3825592,Real Sociedad,2.63,16.7,4.86,90.0,57.6,2.53,30.88
3825592,Espanyol,2.4,15.42,3.27,50.0,47.74,3.75,24.87
3825591,Valencia,3.6,13.24,5.07,58.33,53.76,1.59,27.11
3825591,Real Betis,1.8,23.4,2.88,66.67,47.34,4.23,27.06
3825590,Real Madrid,3.6,10.04,3.25,55.0,55.87,2.12,32.67
3825590,Granada,1.75,22.36,3.32,66.67,53.24,3.33,25.19
3825589,Getafe,1.7,20.9,2.69,60.0,50.35,2.41,27.34
3825589,Málaga,2.66,11.8,4.68,61.54,55.32,1.79,31.39
3825588,Rayo Vallecano,3.03,14.47,3.62,62.5,53.31,2.15,28.25
3825588,RC Deportivo La Coruña,1.86,22.73,4.55,21.43,56.06,3.27,32.64
3825587,Athletic Club,2.63,15.49,4.4,50.0,54.65,2.68,33.8
3825587,Getafe,2.3,16.97,2.26,69.23,54.19,2.82,25.82
3825586,Málaga,2.52,20.6,5.58,70.0,55.56,2.18,34.98
3825586,Eibar,2.03,24.56,5.06,71.43,51.48,2.06,34.55
3825585,Celta Vigo,3.99,8.91,4.32,42.31,60.81,1.98,32.71
3825585,Las Palmas,2.06,16.57,4.21,33.33,44.6,7.16,36.53
3825583,Sporting Gijón,2.1,18.4,2.83,80.0,51.49,3.16,37.77
3825583,Valencia,3.04,15.59,4.41,41.18,58.98,2.19,29.82
3825582,Real Betis,2.04,19.29,3.26,33.33,46.22,3.07,25.99
3825582,Real Sociedad,3.36,13.75,7.06,66.67,56.73,2.03,32.09
3825581,Espanyol,3.32,12.2,3.7,66.67,59.54,3.35,29.51
3825581,Real Madrid,3.01,15.4,4.2,53.33,41.77,4.53,23.76
3825580,Levante UD,2.68,15.78,4.48,28.57,56.63,2.45,27.14
3825580,Sevilla,2.19,17.7,5.5,50.0,55.36,3.1,30.81
3825578,Eibar,2.32,25.42,4.56,77.78,51.21,3.59,30.43
3825578,Athletic Club,3.01,18.57,4.88,66.67,57.68,2.3,28.71
3825577,Getafe,2.41,16.03,4.29,86.67,52.03,2.44,31.48
3825577,Granada,1.69,25.17,4.14,33.33,51.38,2.51,22.77
3825576,Valencia,2.69,17.28,5.14,69.23,55.89,2.59,26.47
3825576,RC Deportivo La Coruña,2.36,19.02,2.68,50.0,51.76,2.7,22.03
3825575,Las Palmas,3.32,12.1,4.26,50.0,59.48,1.8,39.74
3825575,Levante UD,1.83,25.62,4.94,66.67,51.23,2.76,22.73
3825574,Celta Vigo,3.99,11.76,2.77,46.15,63.47,1.66,25.89
3825574,Rayo Vallecano,2.25,19.27,2.44,33.33,48.46,4.67,22.88
3825573,Real Sociedad,3.09,12.72,3.48,42.86,57.96,2.74,32.95
3825573,Sporting Gijón,2.27,19.85,4.02,57.14,46.68,2.9,23.78
3825571,Villarreal,3.01,12.75,4.81,53.33,59.17,2.16,29.26
3825571,Espanyol,2.22,19.31,1.73,80.0,46.14,4.69,23.5
3825569,Levante UD,2.06,23.15,6.43,72.73,44.59,6.35,16.22
3825569,Celta Vigo,4.84,11.32,4.1,28.57,51.87,2.29,34.94
3825568,Real Betis,2.66,16.77,3.56,77.27,63.48,1.74,29.22
3825568,Villarreal,1.38,27.0,6.08,37.5,45.42,3.09,26.29
3825567,Sporting Gijón,2.05,22.64,4.3,50.0,46.16,3.84,22.47
3825567,Real Madrid,4.42,10.46,4.3,55.56,59.82,2.84,38.19
3825566,Rayo Vallecano,2.7,17.05,2.53,37.5,56.02,2.11,26.56
3825566,Valencia,2.09,25.82,4.56,80.0,54.72,1.89,27.41
3825565,Espanyol,1.65,21.77,3.15,40.0,48.19,3.2,22.93
3825565,Getafe,3.39,13.29,3.41,84.62,61.52,1.93,30.16
3825564,RC Deportivo La Coruña,2.89,16.18,2.76,50.0,49.81,2.51,34.62
3825564,Real Sociedad,1.96,20.14,6.0,90.0,55.32,3.66,30.85
3825563,Atlético Madrid,4.21,11.13,4.6,66.67,60.17,2.39,40.45
3825563,Las Palmas,2.59,18.4,1.42,100.0,45.65,3.74,21.61
266498,Barcelona,4.71,6.61,3.8,53.33,58.5,1.87,31.41
266498,Getafe,2.08,17.34,1.86,50.0,45.1,4.21,20.88
266986,Real Betis,1.99,19.78,2.16,50.0,36.28,6.36,10.7
266986,Barcelona,5.76,11.84,6.05,41.67,67.59,1.52,33.68
267533,Barcelona,4.56,6.88,2.95,57.14,60.87,2.89,34.59
267533,Real Madrid,2.13,14.0,2.29,33.33,45.79,5.79,15.24
266310,RC Deportivo La Coruña,2.74,17.87,3.72,41.18,55.21,3.53,12.18
266310,Barcelona,5.23,10.7,2.94,23.53,52.25,2.2,22.77
267576,Barcelona,5.1,9.87,3.06,60.0,49.04,2.07,32.39
267576,Atlético Madrid,2.15,13.64,4.22,85.71,48.31,3.11,16.25
266653,Rayo Vallecano,1.94,17.61,2.69,75.0,51.3,2.88,13.17
266653,Barcelona,3.23,15.12,5.46,61.9,64.69,2.17,25.71
265944,Barcelona,5.24,10.89,3.9,47.83,61.29,2.07,26.62
265944,Sporting Gijón,1.91,21.65,2.06,50.0,44.95,3.44,9.22
265894,Málaga,1.91,20.38,6.05,71.43,54.34,3.4,21.03
265894,Barcelona,3.03,15.75,2.18,72.73,55.94,2.49,36.36
265958,Barcelona,3.77,10.24,3.84,57.14,59.76,2.24,33.33
265958,Espanyol,1.82,17.21,2.6,100.0,43.3,4.07,23.04
267611,Barcelona,4.06,12.92,3.8,62.5,55.7,1.98,27.54
267611,Las Palmas,1.98,19.53,2.62,40.0,55.18,4.12,24.88
267422,Barcelona,4.08,10.9,5.45,65.22,57.85,2.4,25.58
267422,Málaga,1.46,25.48,4.25,25.0,41.62,4.42,20.85
266236,Athletic Club,2.17,18.98,5.38,50.0,59.43,2.3,14.17
266236,Barcelona,4.75,15.76,2.72,70.0,53.8,3.42,35.77
267274,Valencia,1.93,17.85,2.46,10.0,48.34,3.57,20.41
267274,Barcelona,4.92,6.86,3.17,37.5,60.87,2.02,35.33
266961,Barcelona,4.43,9.22,6.19,68.42,58.83,1.66,26.6
266961,RC Deportivo La Coruña,2.02,21.16,3.48,41.67,40.05,3.44,17.71
266885,Barcelona,3.44,12.96,2.98,25.0,49.44,4.15,33.11
266885,Real Sociedad,2.58,11.31,4.43,40.0,58.75,2.59,17.05
266815,Sporting Gijón,1.54,24.36,3.42,33.33,47.14,3.63,13.5
266815,Barcelona,5.59,8.89,4.07,47.06,61.27,2.05,45.08
267506,Granada,2.08,21.2,4.43,57.14,49.09,4.67,21.35
267506,Barcelona,4.02,14.62,4.03,50.0,53.52,2.42,29.51
266664,Real Sociedad,1.56,23.9,3.31,40.0,51.98,3.06,23.79
266664,Barcelona,4.37,11.02,4.82,76.92,53.61,1.73,25.13
266106,Villarreal,2.23,13.01,2.89,33.33,56.01,3.77,23.21
266106,Barcelona,4.73,10.85,2.92,60.0,52.18,3.1,29.93
266670,Espanyol,1.56,21.05,4.89,75.0,49.79,2.96,17.45
266670,Barcelona,3.94,10.26,4.04,90.0,53.32,1.37,26.32
266149,Barcelona,6.35,12.9,4.65,30.0,60.32,2.19,31.06
266149,Athletic Club,1.83,27.87,5.33,33.33,46.28,5.19,15.23
266620,Barcelona,3.78,9.55,4.05,52.94,56.26,1.66,25.7
266620,Granada,1.84,18.72,1.68,50.0,51.36,2.54,14.66
266056,Eibar,2.01,18.98,4.28,57.14,60.6,3.08,16.9
266056,Barcelona,4.44,10.35,3.1,60.0,48.34,3.51,31.65
267327,Barcelona,3.99,8.69,4.1,68.75,53.96,2.41,39.2
267327,Real Betis,2.29,16.3,3.87,53.85,52.08,3.44,14.29
266166,Atlético Madrid,2.15,11.61,3.4,18.18,52.13,3.11,18.24
266166,Barcelona,4.58,12.58,3.31,85.71,54.45,2.28,34.29
266160,Levante UD,1.85,22.9,4.84,50.0,51.69,2.75,19.13
266160,Barcelona,3.83,12.31,4.26,72.73,46.22,2.0,29.36
265839,Barcelona,4.34,7.08,4.72,66.67,57.93,2.1,29.35
265839,Sevilla,1.99,15.04,3.24,58.33,47.37,4.22,17.03
266424,Real Madrid,2.69,14.81,3.09,53.85,58.02,3.63,29.0
266424,Barcelona,3.73,10.28,3.43,38.89,53.36,3.43,27.44
266467,Celta Vigo,2.39,17.87,3.38,31.58,50.36,2.66,25.0
266467,Barcelona,3.02,10.44,4.84,55.56,58.62,2.41,28.5
267273,Las Palmas,3.27,11.15,4.91,43.75,52.87,3.6,19.62
267273,Barcelona,3.48,10.02,4.27,50.0,55.94,2.18,25.1
266490,Barcelona,4.02,14.33,4.21,40.0,67.27,2.15,34.16
266490,Levante UD,1.77,18.29,2.13,45.45,42.7,3.58,20.94
266254,Barcelona,3.57,12.26,3.45,50.0,61.41,1.47,36.06
266254,Celta Vigo,2.06,14.93,2.39,40.0,48.53,2.97,21.19
266557,Barcelona,4.37,11.08,4.96,77.27,60.72,1.67,31.86
266557,Valencia,1.73,24.33,2.67,57.14,43.39,4.11,17.27
